"type","duration","no_psng","speed_ground","speed_air","height","pitch"
"Airbus",121.26241974201,58,85.2993599648529,NA,26.5888094636036,3.6488144238951
"Boeing",152.251622281576,68,73.1932177350156,NA,14.4051063613274,3.89473163816554
"Airbus",131.070965345339,45,112.148223866204,110.768277744278,18.116865818569,4.00813809469267
"Boeing",272.553378627915,69,57.1024745540929,NA,44.5398246213794,4.02758278993881
"Airbus",167.78236465184,66,80.3311510799424,NA,37.9450913331615,4.32511327303272
"Boeing",218.211909692504,60,84.5787563549814,NA,25.1988800532581,3.78525504866165
"Airbus",155.9596245802,64,63.8432929145338,NA,34.8186364370955,3.82649848102311
"Boeing",73.7460664217479,64,79.3628066192466,NA,35.9829948713315,3.94525814853878
"Airbus",208.550475841012,64,117.885356317391,117.646006324169,17.3959168828389,4.0307891185428
"Airbus",219.987761877608,65,73.6706194725023,NA,44.8295193278825,4.43955492341344
"Boeing",178.908769497871,54,58.8012457797868,NA,24.8290634594727,3.97644216724518
"Boeing",181.231603428628,62,69.2653549715868,NA,40.5877340266282,4.71804034149296
"Airbus",51.7100571393884,58,73.5558784116014,NA,33.2275407079226,3.94386737121601
"Airbus",194.794037332005,82,98.4959650593842,97.2462393893467,13.8661703354122,2.9375984327477
"Boeing",41.2522559993728,52,55.2477202124508,NA,29.8137746104278,4.00884786554638
"Boeing",138.871600528691,45,53.0426271548485,NA,40.5354326479953,4.68786046672698
"Airbus",82.2073871565557,62,90.9908228418946,NA,25.2706670006402,5.21065724405388
"Boeing",80.9880349936935,52,33.9751045608863,NA,29.3219147107964,4.76794033659997
"Boeing",163.861298239142,55,70.7504414020679,NA,31.1369269173432,4.42840953072961
"Airbus",165.28447351001,61,112.077647611563,114.337395462764,28.8843742386685,4.16784421232208
"Airbus",95.3420910834991,51,65.0781732493594,NA,18.589788150375,4.28177059115614
"Boeing",217.212459940719,58,42.8476451354974,NA,30.4485514276379,3.92404130222704
"Airbus",109.407427877241,55,57.3332553768964,NA,27.9796085283866,4.69688403141978
"Boeing",175.501188721993,71,81.6309029317753,NA,36.3313438368768,4.05243706726279
"Boeing",114.50012553971,70,70.7719569931885,NA,31.8641249428229,5.07386263229801
"Boeing",-3.63052717881919,57,69.7076391283361,NA,32.1839995698257,3.73764358544507
"Boeing",227.476558319043,62,48.239712320192,NA,20.4236248064455,4.02756632605154
"Boeing",145.99527672034,78,46.9695147618887,NA,30.9273044685628,3.69836568656782
"Airbus",129.209862791431,68,68.6023021343041,NA,37.8294137223669,4.74701337590375
"Boeing",153.198887085166,58,79.6573011295272,NA,27.6284098876324,4.4584289322906
"Boeing",63.4259321267107,56,74.9729584655975,NA,6.51603995369706,4.26670826304776
"Boeing",109.965048693833,64,91.8588925971779,91.0544291218461,28.3967602057883,4.41998724619145
"Airbus",189.067212184066,67,67.6374565727095,NA,29.8253996897341,3.59626481503416
"Boeing",139.392554251306,61,49.4292722942282,NA,45.7482459161998,4.40957785334197
"Airbus",161.569100661774,46,71.601042603351,NA,36.9468958524856,3.65948419324459
"Airbus",126.312422022044,58,66.09772696062,NA,34.3021056511917,4.78440202429983
"Boeing",145.697951054603,48,95.8757019339559,95.860732286403,11.821454390258,3.90793271034997
"Airbus",132.236482371801,53,68.2482531011613,NA,25.5051142730138,3.78168251596293
"Airbus",174.164579800892,62,53.3393875567937,NA,23.3431677900366,4.58775335463804
"Boeing",61.5591065986243,62,142.554132737453,139.674862697395,27.4980248178263,4.61555848741012
"Airbus",121.596436971836,62,61.25144216579,NA,41.4058450385575,3.99619317368023
"Boeing",61.7177085252103,59,77.7517809010149,NA,14.4323922406277,4.31717276081323
"Boeing",181.70555141094,59,74.5082203818161,NA,15.9770859321136,4.77127117498496
"Boeing",117.555334531691,67,59.484860048197,NA,19.3121417145243,4.03584876141934
"Boeing",126.610423858577,62,52.0010859866039,NA,14.8170869590608,3.94921810929327
"Boeing",229.266768826945,51,59.9696422471972,NA,35.4722357494395,3.78931367026916
"Airbus",169.291550961654,65,70.081216603786,NA,24.6615281921606,4.22403933955199
"Boeing",171.622590435624,64,135.562503620624,135.881195408511,26.1325825020877,4.08048821929757
"Boeing",137.704055121428,52,81.4063379145117,NA,42.0015320224482,4.44533111981083
"Boeing",97.7730470657667,54,104.846216252844,106.115650743845,32.2478525864141,3.51988886370784
"Boeing",178.741995007348,59,100.837169183982,101.754805666323,38.4373119173365,4.80975282178967
"Boeing",82.4106668357814,60,80.0284231821789,NA,44.5212447460447,4.51979332839514
"Airbus",160.487098803172,68,95.00082110876,95.3688819777113,18.3617809631966,4.01019729306226
"Boeing",163.195318742294,45,73.075249365645,NA,37.0185328774001,4.02588132668873
"Boeing",104.671590701812,62,62.2200926673698,NA,44.4002927959943,3.95093143553065
"Airbus",153.64306078363,53,78.3822340782105,NA,25.6278146733509,3.856023480744
"Boeing",83.3148512670678,51,70.2694203224642,NA,8.14635489611326,4.98252829637638
"Boeing",139.118897832119,69,67.9238754889321,NA,41.9637064223674,4.54415485942236
"Boeing",161.000579474216,59,109.466064468094,110.622090809189,32.4066314724569,5.17814042741814
"Airbus",150.437914810047,69,100.7216985257,100.465891524896,31.559948303881,4.48727830685089
"Airbus",202.475090752324,60,28.3160901129885,NA,27.0720978658481,4.16493022552075
"Boeing",97.0670103599685,57,62.5923702130608,NA,43.4735775182817,4.2207743606202
"Boeing",166.954258358218,60,98.8768485381591,100.944823350152,14.9575592333962,3.84185202949097
"Airbus",224.491159694158,59,83.0215058851253,NA,37.6665602905471,4.01487241225916
"Airbus",190.841982972363,67,76.735331844991,NA,28.8607532725684,4.46645118684159
"Boeing",86.8488244868193,80,78.4635765417342,NA,28.2942179845101,3.70615143775417
"Boeing",108.042531289083,62,97.4925480044112,98.285822020291,24.0672301231133,4.46691914278408
"Airbus",145.962092520492,72,46.8848220657073,NA,44.7638173135789,4.69099004978316
"Airbus",79.3060595081881,77,84.4806150275989,NA,30.1552678395667,5.30731857480393
"Airbus",189.514038595211,61,83.8672284796309,NA,12.0172090808993,4.05832899531751
"Airbus",118.310421692728,66,93.5899585316025,96.9126897447481,23.1438995948978,4.58577456092455
"Airbus",91.992578527891,65,117.196744064312,114.857051399646,30.9556360053031,4.66683184687822
"Airbus",139.650404473559,46,96.4891308905529,97.6528246608676,25.2944522679865,4.17006270874855
"Boeing",126.024847316332,62,81.3332233329692,NA,29.9791858261711,4.12736724170416
"Boeing",188.270326870508,56,102.681475651827,104.693696966997,29.1057524399928,4.42195773998153
"Boeing",218.942999191396,64,78.0273089626462,NA,19.3518568854015,3.71478463365132
"Airbus",156.078484728933,63,103.92121153432,106.567161987671,7.83360503715936,4.23458830444876
"Boeing",143.625158251225,57,72.7682933242278,NA,19.5714143444834,3.86200277520928
"Boeing",77.9291209120574,56,91.0340793444138,NA,48.5774570209076,3.87160049357971
"Airbus",201.097567096236,65,62.2001411852006,NA,13.686199168486,4.83755095500447
"Boeing",158.229330439259,53,112.065142537975,110.918448260281,13.2718899674653,3.76986879060201
"Boeing",110.227255166423,52,83.1211240613877,NA,42.4100026412153,3.99108495258989
"Airbus",145.259498971183,58,108.764019838554,107.990309107386,30.9988321671778,3.82935302336363
"Airbus",225.534874972875,57,87.5472245159664,NA,18.3093454375178,4.13785997980695
"Airbus",123.033300174213,56,117.581535420183,116.89471471732,31.0873904191047,3.90932240980458
"Boeing",222.066773127801,50,92.5814114685119,92.0286863203704,31.7026080199127,4.59593610907064
"Airbus",165.474497987539,51,79.3111446348912,NA,28.1064976352814,4.51518310406708
"Airbus",223.352501410764,81,83.3366045399056,NA,30.4531662632169,3.12043522500625
"Boeing",172.827477355055,63,43.0588604540646,NA,26.0399638212633,4.51344646240164
"Boeing",153.273811472684,59,65.9883650580487,NA,38.5234530456572,4.35451457808085
"Boeing",177.537863949113,38,70.3003101984942,NA,30.1692517408672,5.0368145077849
"Boeing",119.137375766102,60,38.4440190454224,NA,20.7447644144821,5.5370688322922
"Airbus",93.5731364523362,58,66.9246067350206,NA,27.1225932326301,3.93382919924723
"Boeing",74.2041883457616,66,77.4750445847927,NA,19.1752387930983,5.08541470424066
"Airbus",125.057204418296,58,58.9096332839787,NA,42.1753227220958,3.84264492015178
"Airbus",128.121935337071,63,59.8181256215089,NA,32.8440885789098,3.90258878617521
"Boeing",200.847030522968,67,56.7117078981702,NA,38.4804009977142,4.83371066191926
"Airbus",200.317656011652,61,86.48377593507,NA,37.8318220004555,3.93882793981208
"Boeing",134.723952205163,65,76.7598000001954,NA,24.0121346173613,4.90580381596818
"Airbus",166.622495504796,63,91.0893747641551,90.7656041110483,24.8077182789214,3.71095098753591
"Airbus",137.831822940136,64,87.5901528886278,NA,20.1974509231174,4.58835564534281
"Airbus",187.242151935764,67,103.99107270171,103.555247049032,21.2365208640881,4.36296669599632
"Airbus",154.921176968422,57,52.0109385062517,NA,38.3304921222163,4.34630423345233
"Boeing",153.070013979495,64,77.3561981650077,NA,42.5062395156725,3.59520185164543
"Boeing",220.012193839416,69,104.887346965316,104.753594196283,28.8937013181507,4.42612904151772
"Boeing",224.184787009048,58,61.540551312411,NA,36.6984129786082,3.92406935932575
"Airbus",214.767440923542,66,74.3793638341221,NA,10.6383948583493,3.44447618653331
"Boeing",232.415277225185,72,59.4151982242353,NA,26.6640008954792,4.78705649930185
"Airbus",171.192112486768,57,89.0403822843312,90.6614929373894,26.8822678598299,4.67431164337219
"Airbus",149.228174296803,71,71.5553324837291,NA,46.9387748969369,4.41789762174476
"Airbus",168.67020362131,53,93.7566839912629,94.7854272636165,35.7989137646581,4.7996152323029
"Airbus",145.553482469857,61,89.6244510972517,91.5390441892288,38.4248230691997,4.10635665615861
"Airbus",107.687076020563,66,92.8284311628322,91.3560103119948,17.8716972072387,3.47389891470704
"Airbus",169.549589902995,68,100.643187671448,100.564792024295,36.9700125972913,3.91203996258833
"Airbus",142.631879947642,47,86.7995340933646,NA,43.3207524120926,3.91720727069173
"Airbus",189.31098190619,55,96.1920140602329,97.0253810561463,35.3091571001041,3.84849625307722
"Boeing",162.611657701038,54,49.1012449168132,NA,34.4951299443782,2.98307984396814
"Airbus",233.384760985306,73,42.9011718472322,NA,42.6930115454372,4.39574907273276
"Airbus",118.893469260449,55,72.3240933398895,NA,19.4358845100148,3.35900222689897
"Boeing",162.813709965826,67,33.23745969537,NA,31.6537929280481,3.44773922220687
"Airbus",110.78199293595,75,105.714534416633,107.896521627809,38.1356630330269,3.0472816243423
"Airbus",96.5844311382268,60,53.6794689533056,NA,23.7952662871724,3.96635379278172
"Boeing",184.361790294338,61,62.0462387364836,NA,33.4983158185601,3.74703922681336
"Airbus",227.962877372774,60,72.5385029117689,NA,22.7905933616785,5.27418485613907
"Airbus",71.8532110147808,61,62.5163436619684,NA,14.4522575902952,4.13242294625173
"Airbus",128.640886267627,52,79.6711414952911,NA,9.27478612440725,4.05723134754814
"Boeing",116.926437797942,49,79.4600872262994,NA,20.7103706163665,4.44573916832077
"Airbus",262.325867968885,67,92.504972507688,92.9072701161436,25.2742351281063,4.76370715295944
"Boeing",113.516165782342,75,57.4960125325664,NA,25.9884075077687,4.30597945944294
"Airbus",-21.3890930349488,57,75.0474502288553,NA,24.6443548416865,3.63553949464568
"Boeing",93.9532578539583,59,40.9411069349908,NA,23.8247540860103,3.56243468075109
"Airbus",138.160221579645,77,69.9477080534604,NA,33.93858000712,5.13470606911679
"Boeing",187.337989909744,59,104.855620529073,104.573519020978,41.1880043903558,4.0528007213929
"Boeing",160.870410293313,70,95.1924072554449,99.6246441497092,13.0802036985458,3.63361413776592
"Airbus",177.916514744483,63,106.027757365993,105.208275514375,28.0000593450364,3.88486174710245
"Boeing",126.496756496714,65,75.400790028759,NA,39.7821640333924,4.17976243034731
"Boeing",178.156118082746,65,62.7954753443647,NA,20.5055258398075,3.47831855706461
"Airbus",225.121838495867,47,100.490358664889,98.784984203812,28.8722087075887,3.86420929131338
"Airbus",169.572751068021,84,96.1506326256033,95.8555635674176,37.648965394805,4.17876841124553
"Airbus",167.128202163319,50,85.4486038935567,NA,34.6696511907716,4.29166034566289
"Boeing",169.454183330944,59,65.7835012492624,NA,23.2523590799202,4.08552568277305
"Airbus",115.865604659099,55,96.0617535307319,97.7107489354072,32.7585020617464,5.12831073370903
"Boeing",72.7957663524354,61,96.1570367011976,97.1769789121644,31.9025699695178,3.94650221254375
"Boeing",146.883985990554,62,112.818581904518,116.080513623424,36.6826571583668,4.36649592890032
"Boeing",121.812177469248,51,34.6169212362039,NA,24.9577960494361,3.92578660395404
"Boeing",151.341099613833,61,119.016603425975,118.787126892158,33.1784380191095,4.59296809669537
"Airbus",187.209192893405,60,149.418484428843,148.725371487465,18.1102104923565,3.50573113715023
"Boeing",158.843684464589,47,54.6246121014662,NA,32.6464666273027,3.85556262598057
"Boeing",176.782644368055,50,61.7811151826353,NA,37.2091710628692,4.76631405003586
"Boeing",254.49409126532,53,80.3811315671059,NA,28.3987961591828,4.4046609473507
"Airbus",208.837122702046,52,57.0479636381946,NA,36.1667521848901,4.71249066524415
"Boeing",173.016684534394,58,88.8085248656916,NA,17.3530466464718,5.01070200672398
"Airbus",157.490463967619,63,67.315353339428,NA,29.464396752317,4.4193494504983
"Airbus",155.003310966958,71,76.6781791608281,NA,33.0354860561042,3.98894425470076
"Boeing",235.889659498953,52,76.6425930687948,NA,28.4092856471236,4.44580794778463
"Airbus",165.26785946429,59,68.879210282855,NA,28.3294673553807,4.60341207699292
"Airbus",181.761855879533,73,63.3163132501101,NA,22.2091738593529,3.96741511326086
"Airbus",134.599919314486,62,64.6796675698081,NA,23.1390649478294,4.34907392969715
"Airbus",195.801554406463,56,47.1274378874903,NA,31.095800191658,4.32531223980182
"Boeing",64.1774879608337,54,87.2234753289642,NA,31.6392090162971,4.68044896712145
"Airbus",314.352429079824,67,79.5611230278669,NA,18.9531799892509,4.72549457509658
"Airbus",181.241368563104,61,64.5120646912804,NA,33.1602212922356,4.32668487207273
"Airbus",124.104446581778,59,78.1113603715654,NA,29.7177521541068,4.72444743332145
"Airbus",210.690600537892,64,54.4721040500445,NA,36.6022648939711,5.35556416051228
"Boeing",183.246005595001,61,63.2697855391008,NA,33.5815170281586,4.21770642577219
"Boeing",157.921189061924,54,79.3721147231324,NA,35.741079068379,4.53083740626589
"Airbus",141.577949757508,59,45.2002188317809,NA,6.19970574303718,4.62708335736095
"Boeing",205.644241259683,69,81.9588986779344,NA,42.6018742299921,4.15593933998512
"Airbus",189.679345772689,69,103.504497667426,103.469616334831,34.6186935709726,4.26496894202541
"Airbus",197.65426361643,59,91.9676295048687,92.3502399549864,21.0126767149642,4.534782394824
"Boeing",188.261992212223,60,116.139750176133,113.3884092151,32.4958161947911,3.61826310788721
"Boeing",204.570417140314,67,104.019645067092,105.514990168799,28.0910451328121,3.49467883207013
"Boeing",161.291240034113,69,66.8695096431885,NA,32.3607049137394,4.33263671480306
"Boeing",131.440455654029,56,98.1150608857994,98.2066658686329,27.7196639165743,4.23089629526443
"Boeing",160.665543357368,72,109.287873516084,109.347109942047,52.6635831247721,4.1452501414917
"Airbus",133.39254824253,44,73.2100979004369,NA,35.3904187360207,4.5066161665217
"Boeing",106.605674432731,60,62.5611972338414,NA,34.5306522270622,4.04922451729348
"Boeing",63.0579210135614,57,100.630642301291,101.817883623357,35.9514867775469,3.79876660936791
"Boeing",123.976184684726,54,84.9185151763643,NA,12.4425511922806,4.17305295546936
"Boeing",164.860563949075,52,77.9190222703259,NA,15.2156868971041,3.89488591736483
"Airbus",183.495644036875,60,97.0253044574634,97.3067388328799,43.1331013606144,4.1893404533042
"Boeing",181.86781147854,64,65.6555567207662,NA,35.4950391620112,4.40909662536447
"Boeing",128.156781593195,79,86.7505813591074,NA,5.52405038934292,4.56043928855842
"Boeing",140.690725616527,60,116.194610646776,115.252538446791,36.4740506800445,3.52151782029616
"Airbus",101.893850668393,57,60.2693928817841,NA,11.9694967706298,4.03685454481665
"Airbus",146.769306558617,57,92.83021235223,91.7076180837768,33.029979953755,3.96330554298919
"Boeing",242.996993505714,53,30.7082032680943,NA,44.8432813868624,3.68450398841046
"Boeing",180.957816144384,61,33.3425865218583,NA,22.6673366174051,4.1853844917083
"Boeing",184.750052940138,52,58.862894151248,NA,22.64231353808,4.55554925768523
"Airbus",122.020616152431,63,95.2994382698328,94.941921929451,11.3680575309237,3.71851173248319
"Boeing",129.24614706531,60,61.287946124989,NA,27.2024415815337,5.08991317028944
"Airbus",233.722699351548,69,95.4091288567754,95.1903151933245,28.9404824744838,4.94314204189012
"Airbus",144.322671330869,62,91.5438258524521,94.0910888158296,24.9673354457104,3.79331853790254
"Boeing",116.956948575332,53,72.514201419025,NA,9.67427041832476,4.22893325442817
"Boeing",223.664491382009,40,107.405980542475,107.27646461427,19.2751021690088,4.19399305186082
"Boeing",212.068436933623,51,60.7173199418996,NA,39.634986225247,4.64246509525681
"Airbus",145.098767562898,55,109.55207854709,108.015929547121,29.3029602466583,4.427937757784
"Airbus",104.498944565464,60,118.261515186918,116.711869766856,34.6429834448407,3.60388558956044
"Airbus",119.167766204147,67,75.1168639256286,NA,27.3707878346798,3.57795541255989
"Boeing",93.9127732861873,54,97.4735984685718,98.7485530550074,34.8407749920608,4.64219833432037
"Boeing",154.580656167147,56,68.1227818357995,NA,39.5407934759649,4.96862673326696
"Airbus",114.408420460345,51,87.6185745110117,91.7640780156246,49.3316308443109,4.49313486747735
"Airbus",116.026659401687,57,77.8842159882595,NA,50.2952155439353,3.99872477422486
"Airbus",172.542888401224,60,58.4852979755774,NA,22.3318171243884,4.63911114573332
"Boeing",79.0090654532349,55,91.4907327414398,91.0963132096383,29.6314631722873,4.1736397283544
"Airbus",148.078391462816,50,69.2894904910223,NA,39.8120727861622,3.9356328820593
"Airbus",160.182734643284,64,109.851899829471,109.628453217396,15.8370309644372,4.58688713286271
"Airbus",216.100418720274,65,76.3312884631589,NA,30.3698802940726,5.09553851861577
"Boeing",176.626873302404,47,132.747846325283,131.36647482898,24.5689070318236,4.11594850664008
"Boeing",98.9026782237901,72,57.5855360982706,NA,29.164966188035,4.05178185775692
"Boeing",161.344107809811,48,89.0011280008095,NA,20.27947528661,4.69326844252739
"Boeing",116.269428532477,54,74.3722111611481,NA,43.9194862109106,2.72151929111552
"Airbus",166.212473111751,69,103.136060830588,103.62348193448,13.4694203557575,3.55359919786653
"Airbus",146.676861723186,61,89.654651489174,NA,45.1844214848536,5.35997737804891
"Airbus",86.2713263263672,61,80.0279867782556,NA,24.5941306002876,3.70421065287044
"Boeing",47.2930690821505,52,80.3108988393098,NA,29.6053353740124,4.13492505758877
"Airbus",124.857519134585,47,59.0620593874742,NA,18.225591888383,3.93851019847948
"Airbus",161.904397602339,61,78.9727375431016,NA,16.2894098060036,4.13451579746408
"Boeing",178.087763393961,75,81.6857464225147,NA,24.7568096353249,4.39330522136143
"Airbus",159.531590913035,73,91.4940715139013,NA,35.232332235858,4.22121957605881
"Airbus",95.6004189334977,70,93.5591247171242,92.9575852682077,46.5231627646813,4.30277309937995
"Airbus",122.022973432705,54,110.977580752304,110.267472345291,42.6197695390265,3.77060074049953
"Boeing",245.232826026978,63,89.2394136306263,90.206851371571,33.2010970101413,4.1749911160428
"Boeing",184.058373471603,54,82.724429041048,NA,19.5672331404891,4.57825546030582
"Boeing",173.346883288631,62,73.1227749901272,NA,31.0368097657995,4.63951184151731
"Airbus",147.616555209498,57,86.8165405435514,NA,20.8496242665274,3.84989913529716
"Boeing",67.3523585285824,40,52.5345290720418,NA,37.4605339463674,3.98269138928594
"Boeing",235.842695645857,54,97.909372344015,97.3589391127643,30.9354977807526,4.26481204470331
"Airbus",84.246285917135,58,84.321930862552,NA,26.7717232325442,3.91455482651403
"Airbus",138.876248343693,63,48.2988891112078,NA,15.4944013264192,4.5148935523782
"Boeing",151.511833474416,63,53.516025212565,NA,33.2081411159178,3.86209102525988
"Boeing",158.071431328173,68,113.403721622556,111.957397740949,31.7952188216427,3.41275118487248
"Boeing",265.443607177186,55,82.6926723555901,NA,26.7611759468633,4.94449348940678
"Airbus",133.377259154558,58,53.0183887002321,NA,40.1913844609007,3.84452193354752
"Boeing",109.65044842563,61,89.4793119889692,91.0758333500955,21.357097871619,4.40054423398442
"Boeing",140.56658291005,61,95.0974420012536,97.7716494105862,36.9802566312079,4.83708342060743
"Boeing",208.208334346819,80,44.6535643244583,NA,32.7072016635548,4.12949976909964
"Boeing",164.381191555074,65,90.2522964328614,90.4609328677136,34.1945869844632,3.98307000869959
"Airbus",182.840308451723,75,59.2498081148357,NA,34.2338791797355,4.37118009744745
"Airbus",220.420652442344,68,114.298092488219,115.017150445029,41.2826237481157,4.49307147765081
"Boeing",194.657381874059,71,67.266009313025,NA,21.7740921307487,3.92129256362151
"Boeing",98.8149110582794,71,62.8850173639512,NA,46.4478079105579,4.51450916482899
"Airbus",133.21354128152,51,86.0514554951008,NA,31.967673497369,4.60932554300114
"Boeing",71.8893568379089,69,80.7201002125192,NA,36.5709312311311,3.56286902758054
"Boeing",237.887298138329,55,47.4898916400529,NA,30.6787221363436,4.38677883073591
"Airbus",113.630680427125,54,87.3668462859682,NA,35.4418379289748,4.28219203073308
"Airbus",98.8800384017381,67,130.601236049435,129.990786970751,38.243559834151,5.29194751854044
"Airbus",97.6740964249772,69,70.403041037183,NA,18.9842205668458,4.38544547228816
"Airbus",143.752018557592,70,93.3137693300975,94.0121166607565,39.8957730805576,4.15289881138882
"Boeing",97.6841644244489,52,40.4012107601005,NA,25.3306684617129,4.29324861146931
"Airbus",137.596352053296,53,64.2409351426737,NA,41.1148840999753,4.26040695684551
"Airbus",212.029140989521,73,43.0890215051891,NA,37.6847966445552,3.8303023257108
"Airbus",185.370042756831,55,52.5559343171276,NA,24.4498019591344,3.99517271333821
"Airbus",109.678703751341,58,55.6632172075822,NA,32.7175561611521,4.04029513354577
"Airbus",181.243119271902,38,65.5758866547324,NA,40.1661008707102,3.46959223325007
"Boeing",165.283316037238,62,83.4089157477969,NA,6.3063211553334,4.10164222777732
"Boeing",126.275551543646,74,86.556636096308,NA,37.7423234880253,4.42265077233614
"Boeing",204.777922776011,57,90.5485662230958,90.1285406572369,58.6957073874058,4.72065256378604
"Boeing",141.480823484925,62,100.011039497234,99.8275551830017,46.5124898042397,2.82137243246056
"Airbus",112.305370543581,63,58.3199036454264,NA,40.2669391430583,4.87285946952915
"Airbus",195.45083274079,61,86.7569901555342,NA,21.4290790800458,4.34795529475942
"Airbus",176.357256304339,56,121.939298565543,121.626495979072,23.3923151274567,4.34761104485994
"Airbus",157.165061666622,63,92.1240237831341,93.1863414764667,19.5226429616333,3.35180944856658
"Airbus",169.458112520147,63,50.4094584314385,NA,61.2061659761365,3.60015279958636
"Airbus",171.821319030908,53,54.6285049168911,NA,26.7363839001034,3.83637756070763
"Airbus",151.804942172287,58,85.9893955266433,NA,38.1881315436932,4.29281128232327
"Airbus",102.264349717476,66,74.4225356288954,NA,38.1399878036541,3.60890421166532
"Boeing",135.302881986953,56,95.8508774863215,97.4933760011911,32.9363789018045,4.51466606925142
"Airbus",146.55130016557,64,76.8911430484326,NA,22.0322748437486,3.55044876662207
"Boeing",218.427744784501,68,78.1256999533576,NA,28.5556646491896,4.41085921891438
"Boeing",214.737996593261,57,120.061091809511,122.369394635071,26.5834592192425,4.17851964793814
"Boeing",203.74321151698,49,59.7964051094402,NA,17.699391848312,3.7116664659866
"Airbus",215.412965438608,56,52.6732838137641,NA,31.0523723130875,4.53389157794279
"Airbus",85.9496794467369,53,71.8550235085686,NA,30.5452953165129,4.58907124969594
"Boeing",137.066347527959,55,96.0752525480017,96.5555629711077,40.3945934334702,3.608434636696
"Boeing",195.314187177277,57,94.5792423519889,93.4840609845306,23.0877743793327,3.90072698147517
"Airbus",118.763493673959,59,101.501579419277,98.9671377033186,23.3336228015375,3.87689453451312
"Airbus",157.787900953088,71,92.3168150460717,92.1362826722176,33.1201974854164,3.27768794180332
"Boeing",99.0307761690671,57,67.1107471383938,NA,39.8591926009012,3.57581851756482
"Boeing",183.741661631569,50,72.2470212271443,NA,32.5876206880692,3.39646377382479
"Airbus",165.366001981613,57,100.946960635719,101.993296078253,40.3759234238038,4.91036984246179
"Boeing",84.4133334948889,62,73.4451274837989,NA,23.1784897484436,4.57250271208049
"Boeing",72.1559374687416,45,94.4454242354754,94.3118047405691,13.3471583298292,3.48786641174879
"Boeing",97.9765853007083,53,107.576145908199,111.215899680995,22.4738237265193,3.60610736690325
"Boeing",145.227680670964,65,88.8057983999036,NA,31.4074001665967,3.30200618322983
"Boeing",120.350169581674,56,71.0819875124449,NA,40.9341238059873,3.98301886698957
"Airbus",141.19783812384,56,97.680576967785,95.5115808316107,32.9704505850377,5.03565746949834
"Boeing",123.258880519081,70,69.8967726978154,NA,38.4988553365607,4.09383879289798
"Airbus",119.773153094851,63,93.2393435807819,95.1451470702848,18.9101220325365,3.28523538661785
"Airbus",137.301304029661,64,62.7121591799376,NA,47.1827127473152,4.38813308218793
"Boeing",175.979742639928,59,85.5644197913854,NA,9.06810898371292,4.25656793415384
"Boeing",204.554560944245,61,72.4490838635456,NA,35.913382253805,4.25025787339577
"Airbus",152.670552916687,45,87.0805602607772,NA,40.1848289295589,4.06858926365915
"Airbus",216.805607511359,67,107.648945444756,107.858076173071,42.618706054295,4.50809600304866
"Airbus",104.68664867226,60,79.8755930862744,NA,26.8035624661091,3.61396249007278
"Airbus",159.850748929757,65,46.9878303532519,NA,35.066227355205,4.40126506932378
"Boeing",44.3850044068084,67,56.1794840307365,NA,45.9724699022508,3.82196518263762
"Boeing",182.354136812093,66,83.8357576822853,NA,39.6089778348186,4.48882920600266
"Airbus",144.251729930079,45,54.0873916790814,NA,36.564766185957,4.1754831749725
"Boeing",146.009616830737,57,104.761257565825,106.67303366051,33.2330393301631,4.38405167543205
"Airbus",184.296579869285,50,55.3018957315887,NA,26.2596697193641,4.74338015823441
"Boeing",198.973269189772,60,69.8031303809398,NA,31.5651867097944,4.1974891670527
"Airbus",150.833888273126,66,70.3960067137933,NA,21.0900320380199,3.85310232411518
"Boeing",114.616905411975,65,76.9412745856601,NA,36.8298148911316,4.23192310565675
"Airbus",158.927660031564,51,91.9165158308338,92.5595808814145,33.9717157272621,3.2022299195863
"Boeing",127.746100022795,59,66.5149977568076,NA,22.0116845217381,4.11574073011701
"Boeing",118.376158998187,43,42.1881171708737,NA,43.4617102897905,3.38376394198858
"Airbus",174.257660222078,66,102.41494742984,101.792011635031,43.8078080795424,4.92947401090106
"Boeing",140.218813236509,76,53.5635547801796,NA,17.8321708850689,4.83936006206238
"Airbus",180.561883189999,61,58.8214199251212,NA,23.7735691941967,5.65779888984189
"Airbus",118.670027317945,61,87.9294220901577,NA,41.4753516653637,5.07110717484987
"Airbus",182.752430080756,59,46.9669374672973,NA,21.2912190652778,4.22988187019719
"Airbus",117.322593897522,63,55.0863948164152,NA,34.4935220645431,4.33315748033218
"Airbus",91.4815175664113,50,100.573166922332,97.5853323396042,8.49819840211694,4.07709051293171
"Boeing",154.813555440954,53,70.3575126579453,NA,26.0606852885064,3.88380255234277
"Airbus",162.81566070357,80,78.3321677459359,NA,20.6201759224085,3.75678376016132
"Airbus",146.822558240971,49,78.7315524968097,NA,36.1856980756511,3.03282334241271
"Airbus",18.0171574603284,53,98.2014768461834,98.4288933056553,27.0654748608177,3.96254492362355
"Airbus",40.85406967301,66,80.812119603423,NA,33.1830734338827,4.08962868082798
"Airbus",180.441710947206,50,61.1165836438401,NA,35.7656011691311,4.48186225502286
"Airbus",211.304827481766,61,74.1266474184979,NA,27.7758280333135,5.67433314004081
"Boeing",174.47375736535,48,99.9981383901965,99.7367381432799,20.0909225241149,5.30752602423419
"Airbus",139.85047871974,62,56.2052041455673,NA,16.9485686694965,4.93774870177649
"Airbus",230.05388723282,69,92.809724290646,95.1749750264902,8.27523240469061,3.30734699690633
"Boeing",151.253982750314,62,106.430839509641,107.421231703245,30.9233359968764,3.86861224392374
"Airbus",135.390321163358,65,104.293164332461,103.769591244062,26.7738848316834,4.95216398325498
"Airbus",157.831841328137,63,37.3271944799856,NA,28.6152550987787,5.01603783197834
"Boeing",248.364944440147,48,82.0982890749023,NA,23.8316695904183,4.08243932039341
"Boeing",189.502302126691,49,93.7206519900259,93.0965482424722,18.2831322001284,3.37536751113974
"Airbus",182.718272537876,52,54.3684707260537,NA,19.7247228425379,4.63893182132125
"Boeing",94.2393910077167,59,120.353046521014,120.911182106834,23.3271404253932,4.11371026621224
"Airbus",217.444607337308,66,70.4131513923999,NA,4.69367732370663,4.3571436064837
"Boeing",93.5267514844149,58,82.0638598281803,NA,32.9772371409467,4.38407166037399
"Airbus",198.684675611656,60,56.7373731096847,NA,39.8908596584812,4.88797559238055
"Airbus",44.2559947582242,71,54.251448846463,NA,26.3566491477221,3.52165563699378
"Airbus",83.7247418447709,49,68.685083922498,NA,20.6702990071407,3.58916233267867
"Airbus",120.948904255325,66,96.1709922385095,98.9485640426733,32.2134292359185,3.60842392032787
"Airbus",139.03063622736,57,99.8541698804412,100.715429586844,49.836584702043,4.77199163972127
"Boeing",146.937599634818,61,30.4244606221337,NA,19.7460428428944,3.93796206761073
"Airbus",158.365567486085,63,88.6011937198253,NA,43.9181723589175,3.82743041174753
"Airbus",109.136621732347,65,82.0080634608184,NA,23.4211447112183,3.82787864468362
"Airbus",90.4312222524932,56,86.6688385587468,NA,28.7338037591992,3.6034305532182
"Boeing",85.7607654989657,60,69.8657020233608,NA,22.1749253367421,4.01878673568095
"Boeing",114.781949963428,45,95.0133800497383,96.9668170985839,22.7620511588959,4.11137041795202
"Boeing",208.499115800257,61,95.629266472585,95.5994846654315,29.8050641107126,3.86827812480545
"Airbus",277.804659531054,74,55.8434583363414,NA,19.3879188521301,5.01547587119582
"Airbus",215.170842113145,51,110.965484150486,111.934152052949,16.3719582996541,5.13593819854659
"Airbus",241.285697412845,59,70.0499263352941,NA,26.926644147269,3.78099719273309
"Airbus",193.445738651526,72,83.0845546673719,NA,32.2821117721149,4.26812867864504
"Airbus",139.546472976318,63,84.841476474875,NA,44.7610397207091,4.26308000742635
"Airbus",131.028627474334,61,125.581911923971,124.774991528841,9.18943796897826,3.58973579766647
"Airbus",78.4604153327326,71,58.6741950735788,NA,14.1319031821779,4.9464584361294
"Boeing",136.660533228098,66,38.4212865817536,NA,20.3307793281155,3.89100579094592
"Airbus",182.367198979219,60,74.4237687085562,NA,38.2937380767286,4.14323120360744
"Airbus",166.671115033283,75,62.4006256349848,NA,34.9020267134469,4.32581161251307
"Boeing",109.508502072629,58,84.5631185609325,NA,29.395300251754,4.06901732487142
"Airbus",122.54138750363,63,76.7242599713214,NA,38.2586954480211,3.89189529990127
"Boeing",66.3238016882356,64,58.3270192997905,NA,15.3443263943691,4.21470132174522
"Airbus",100.411337664642,54,95.7451449302252,94.5209099628553,21.2738184280335,3.60095960250918
"Boeing",94.7694712567631,60,91.6935259988058,91.7658319130448,30.6754966585053,3.27835715155631
"Airbus",158.000800862082,66,57.6413740117391,NA,29.7690651253893,4.11323426178468
"Airbus",186.576732385676,55,72.3332892664427,NA,31.2724379217646,4.63543766772291
"Boeing",-1.22536214904038,62,83.2527315627322,NA,7.2184425223951,3.89863925198786
"Airbus",32.5599103593787,60,58.5437075252475,NA,35.4320607817207,4.21547930791464
"Boeing",132.866349155265,59,99.3917100768861,101.079393197302,27.0985799988506,4.06228902967782
"Airbus",157.419373775954,63,86.7206697692167,NA,27.369111577045,4.05092138782333
"Airbus",108.030954685314,62,67.7387371869106,NA,36.9871749939437,4.59631429863753
"Boeing",143.016516114499,70,69.9656521403922,NA,37.6335587749208,3.76090541167468
"Boeing",119.834638143692,65,90.1747987424519,NA,49.5024752355047,3.61699983609145
"Airbus",187.44722943983,64,103.774068403941,104.230596442144,60.1815156146835,4.27948393825917
"Boeing",142.615317542124,55,79.8881229319756,NA,35.4312133005568,3.54830054956691
"Boeing",71.414185574602,57,96.2449703677632,95.4382577542932,46.5158438336786,3.96381361406084
"Boeing",158.709624144939,61,79.7478655334492,NA,27.7188773478944,3.93986035368684
"Boeing",114.745027917696,76,52.5770980027791,NA,12.6034404041441,4.54343187446237
"Airbus",146.538968134247,72,54.3844724059989,NA,24.8216558510929,3.93801771356995
"Airbus",94.5880566700915,70,67.707208022357,NA,34.9182400674887,3.58283101354625
"Boeing",9.59048231954669,70,97.8026208974204,97.5740353287272,45.1083027073115,3.96996466737157
"Airbus",212.627600518877,64,119.328773046347,118.194920321148,21.3693280560817,3.89300812830957
"Airbus",100.464902581257,58,84.4401384177014,NA,32.9712364435927,4.55232034652905
"Boeing",132.178995733259,76,115.584443749813,116.660262594762,12.7785135491552,4.31067708084514
"Airbus",153.922531519131,46,68.4924663542423,NA,38.3192456711652,3.79104957500318
"Airbus",205.010902183125,59,47.0181661825629,NA,23.2091359513618,3.91592124829005
"Boeing",174.929922451741,66,57.8860977895444,NA,10.7957276117521,4.39065103611142
"Airbus",124.013792887097,59,109.292724575835,110.690108145444,23.9314240304136,4.60225280924042
"Airbus",143.467529434621,64,110.374762906231,108.642867320319,20.9305390321071,4.2990629137317
"Airbus",92.779014628289,66,115.873066124078,115.599808453496,23.8371851087444,4.23048668278167
"Boeing",150.353163814915,55,66.6092431253823,NA,37.213798402561,4.05892930861111
"Boeing",226.958607279644,60,57.6812187771895,NA,19.8862702285924,3.96342295692223
"Airbus",272.35566523745,51,69.6027146349131,NA,43.5962253517628,3.73178785484274
"Boeing",109.990181492228,70,69.291717715126,NA,49.3884733046066,4.58049920405254
"Boeing",44.6816101169226,60,52.0986691771017,NA,27.4953804943664,4.22151610868237
"Airbus",144.74977528648,54,72.6934119028036,NA,17.9275526168656,4.29640439371526
"Boeing",130.60368986539,64,93.4549600850339,91.4949846230193,24.4583848401292,3.65607183221676
"Airbus",226.376014100269,61,77.0459164638051,NA,34.352605902809,4.01311979970432
"Boeing",76.3387215153262,53,92.2640825776504,92.1880482123179,28.4184325211095,3.9307289249522
"Boeing",211.326046281492,50,74.0357597156262,NA,13.8820859562138,4.32922827691639
"Airbus",48.2928253818376,59,85.7338968824411,NA,42.2783985286822,3.95285805096845
"Boeing",183.652759969202,50,72.6163478695137,NA,30.0725122746514,4.54768804465229
"Boeing",216.695891534696,62,68.9846430361143,NA,32.8449479900702,4.61648621072617
"Airbus",71.2947407213871,53,72.7447758523324,NA,25.8922800783912,4.05808096669768
"Boeing",90.2814356501569,52,99.1822914949417,98.2114635300733,23.0591813943202,3.86343364080541
"Boeing",138.383190036455,74,54.950651577265,NA,40.7536012732468,4.28117753354154
"Airbus",139.035157593043,52,72.1454320779624,NA,34.9751382969958,4.40001172686502
"Boeing",182.795936303331,56,53.6555713706016,NA,25.0458621887445,4.17966838721756
"Airbus",260.828610853554,47,82.3695911062219,NA,18.8397657831934,4.08141183594259
"Boeing",158.749500332118,60,92.3125323271058,91.3922480419523,43.3497325612256,4.29910564734376
"Boeing",51.4812967871074,50,106.445699173768,106.947382669016,30.3279549898265,4.53389676826846
"Airbus",243.509430325056,64,83.343829661025,NA,42.468466453942,3.78278386132216
"Airbus",167.154451596967,40,89.0469756369676,NA,14.6494900994184,3.57450972896267
"Boeing",48.0708547918219,66,112.313167462687,112.530249281623,32.8628370941028,4.49707109577574
"Airbus",85.2841085285991,60,75.720482756079,NA,26.1371522245203,3.83296754294828
"Boeing",132.112474276796,52,79.5048676670915,NA,53.4139772968128,4.40192473028497
"Airbus",167.408734401797,59,67.5396173157851,NA,34.4950002564144,3.99837262989697
"Airbus",149.762962392162,49,60.3424499858978,NA,38.2886941688733,4.52243484534187
"Airbus",130.420840272281,57,95.3755112900374,93.1349548295727,20.5329349694095,3.22832317511914
"Boeing",243.998439722358,60,66.7137880548181,NA,30.0777934570252,3.67872086551414
"Airbus",146.30883012603,78,104.168024107085,104.44031371044,20.0184581551206,5.9107245842726
"Boeing",105.589387401134,65,94.5080540237002,93.5472797444684,37.3488429762562,4.72010735434801
"Boeing",118.315655912757,45,97.6897643038777,97.440532893886,43.1241911588354,4.14386588923738
"Boeing",127.833482430518,77,78.2169306346295,NA,40.7015767740989,3.87944118497491
"Boeing",117.597486151563,63,32.6704864386702,NA,44.3912577078392,3.50114355691867
"Airbus",199.400952716016,56,79.8586528811636,NA,31.0746274379972,4.40987348407505
"Boeing",107.48227076365,49,52.2611718552204,NA,34.5867143270122,3.71462669313688
"Airbus",154.378587546149,69,82.0384616467353,NA,32.9329797578217,4.06480621018237
"Boeing",116.671186009151,61,88.0685465780547,NA,17.414868094624,3.62909696111243
"Boeing",162.565612785762,65,62.0987327622657,NA,33.1159983357125,4.75033429803725
"Airbus",122.654124789375,55,61.309515049834,NA,33.3447637260448,3.573295592462
"Airbus",56.9903190878737,57,99.2291582783434,97.6310917771121,21.5761937434829,4.14995857962409
"Boeing",115.813194311341,52,79.6361532508268,NA,29.805516715135,4.60820224839266
"Boeing",102.964780875608,73,105.338989337121,106.453364331874,32.9682735338599,4.0459907649248
"Airbus",104.775151412997,50,102.945904920355,100.074428384007,27.8646506587596,3.76647925014198
"Boeing",130.244241963954,60,84.3253025241248,NA,24.2569221833586,3.44686556725321
"Boeing",194.341675613323,55,69.5165322884617,NA,25.9772820960245,4.43830684101108
"Airbus",127.110343921823,50,97.7865526436982,97.2525143610248,36.262213451256,3.60948426958889
"Airbus",90.7590478766604,54,101.932705686239,101.368982019861,34.3643030914511,4.68389879206444
"Airbus",177.144186076556,55,32.5007791559866,NA,23.6306813289583,4.35774556024284
"Airbus",128.283917042607,64,48.846525475824,NA,36.5498413900027,3.90977586968449
"Boeing",184.142981499474,61,87.2809890388894,NA,28.5402943915848,4.19335175341028
"Airbus",200.863677093054,55,86.4117030827443,NA,25.4637992023278,4.22315516278414
"Airbus",98.532526042689,51,112.480785635135,112.47609050241,45.8492825696115,4.17402276417884
"Airbus",165.181568736762,56,84.012218625442,NA,47.9615341961895,4.82677587530336
"Airbus",165.769918420022,56,55.1148370968435,NA,22.4502000754793,4.75567690855489
"Airbus",180.771812081829,58,49.3274144497111,NA,28.8604074900007,4.15841514475403
"Airbus",85.1870214595301,61,69.6403896544559,NA,28.3020777413997,4.14282881165923
"Boeing",87.6907293039772,65,90.6904034613756,NA,15.8151743589196,3.79670148594332
"Airbus",204.123668950673,59,71.7747320079513,NA,20.0347257701791,4.32700688702281
"Boeing",170.585450619216,56,33.2050716250962,NA,13.5369397717711,5.32013663562361
"Boeing",203.000460042056,60,73.5841028256624,NA,37.0437406967045,4.29505859599218
"Boeing",225.371120010799,55,62.6897413518363,NA,15.9956997701963,4.63758803285786
"Boeing",85.0678819877137,47,63.7833317772834,NA,31.7260747644372,4.37333403571699
"Airbus",83.8520479984649,51,105.394709445097,106.287129661713,26.9402275773757,3.83637096364846
"Airbus",158.434509045446,63,51.6994997317511,NA,13.7160400873024,4.35194380697872
"Airbus",175.079659800236,53,71.2052404019013,NA,34.8295264232032,3.48884469437625
"Airbus",141.959393741249,43,66.7132125802549,NA,5.37672053335321,4.09640105043146
"Airbus",215.625461456694,74,70.6641116481069,NA,11.7993409956271,3.34850395739954
"Boeing",169.723866499203,63,98.3367226729487,98.0121909243309,18.8344688413251,4.74782457725237
"Airbus",215.13725858342,47,77.9435827255705,NA,34.6320873411694,3.88451431500753
"Boeing",211.71246930315,60,101.10460579866,100.569374313791,45.4761249088282,3.76408938745202
"Boeing",160.207257163882,51,52.9427904775226,NA,15.3535201909907,4.01517396720055
"Airbus",225.061915133142,53,74.7911142820839,NA,27.0780599277831,3.8556437603389
"Airbus",135.020587022196,57,87.0915184613721,90.3736007158603,27.435643394254,4.69899394934517
"Boeing",94.5628876827929,56,103.733555875454,106.209978712922,33.0984604886313,5.3431953211903
"Boeing",212.00438274524,58,71.3555426786949,NA,29.9080075790286,4.31284686777929
"Airbus",238.020352159473,63,84.018384813203,NA,33.9050380196117,4.08159621659991
"Airbus",99.7261716002624,53,29.3292641841164,NA,30.1576041225903,4.09042190500973
"Airbus",124.286847990097,63,71.0310401725349,NA,28.8226011570975,4.39613585928196
"Airbus",138.743290873671,58,91.6038441502438,91.1475122514181,22.4109652656473,4.41426094398623
"Boeing",181.029341384732,57,78.4905073704162,NA,10.8641674646727,3.74583472680707
"Airbus",203.952679502118,64,95.3070958135519,94.8303072437988,33.3227028916921,4.21280547580087
"Airbus",144.606913530626,51,59.9019254068399,NA,32.1650928793484,3.23417686723651
"Boeing",122.899370296892,64,93.1206006630965,90.5299054209406,33.6429987700432,4.45321100914741
"Airbus",183.88898011054,66,70.1053683707833,NA,14.9577432310827,4.22581221032179
"Airbus",243.064201331181,55,75.4347483993689,NA,27.8838306430056,4.39547461776351
"Airbus",105.521354980521,66,100.5387016544,97.5916168238308,24.3561777678028,4.48768426536805
"Airbus",132.862565967653,63,107.020247598381,107.478573413594,33.7817880609665,4.33934500974368
"Boeing",244.529942299726,47,122.340710142678,121.998973513275,25.1929999520076,3.88645728442526
"Boeing",57.1066133444928,55,86.0088229965114,NA,48.3854998977369,4.35937141886672
"Airbus",135.044903956224,52,99.5254630394026,101.241975362074,23.5841926920129,4.73376770554165
"Boeing",202.879858093224,58,45.9001158985325,NA,47.8377660076828,4.39104908761625
"Boeing",224.782688662373,62,69.6080969342279,NA,25.6581430673656,4.38852239379925
"Boeing",262.828826318573,43,76.1889684403394,NA,26.1276239054837,4.01018897657788
"Airbus",74.8336807276392,66,84.5664064704014,NA,22.3370893809999,3.33876891554336
"Boeing",100.628312613364,59,97.7582274391019,96.6325401160891,35.3840494688818,3.64724388466337
"Airbus",116.184339715998,67,74.4127117168806,NA,12.9910223643989,4.72588665033277
"Boeing",156.332457767078,55,87.8451242789701,NA,19.5284048106673,4.14865928966209
"Boeing",222.019280689055,63,57.1293650086735,NA,12.240344804158,5.13743490611029
"Airbus",128.722524392332,65,82.8616925225585,NA,47.5518884648131,3.79129159256888
"Airbus",121.72194916412,52,77.1860983528205,NA,17.6078420249682,4.18810105773969
"Boeing",222.960742420079,65,85.6183575275093,NA,49.3571235274173,4.04369509198329
"Boeing",239.418552787456,52,48.8779561259431,NA,11.6900065393803,4.38638078169868
"Boeing",142.818908715217,61,98.037565328812,96.8689959290679,32.244010261565,3.35382581197663
"Boeing",141.928207283543,65,67.5367238061532,NA,26.6671082980967,4.1752114113076
"Airbus",164.545888140763,77,73.8551407608207,NA,32.7811517828702,4.38445791863519
"Boeing",186.350085043597,59,57.4085750950246,NA,32.2255292172421,4.18674476539616
"Boeing",193.481253027263,68,90.0098718683664,NA,20.5144750636288,4.3442920266309
"Boeing",253.114853392109,68,97.0650509999984,95.429206629422,38.7905106058075,4.48887218502106
"Boeing",210.56528207133,54,67.5454499437,NA,23.975614055671,4.02502708770543
"Boeing",68.2857207636617,61,75.9001779272033,NA,33.8694104953015,4.07888766595563
"Airbus",144.055635311672,62,89.8335309602848,NA,33.2679848933814,4.86247933484176
"Airbus",95.6526826823028,57,80.9623637521996,NA,23.6600424695451,4.73140790364931
"Boeing",118.27484186893,42,55.4862503654378,NA,17.310266902939,4.09473289384084
"Airbus",71.6792567190414,55,112.567388913405,111.799318286305,52.3502437503741,4.12404060746912
"Boeing",146.946618012362,69,92.2114777641893,93.8873555277365,26.6668508485753,3.69290045522015
"Airbus",152.591775667864,75,72.0199261196499,NA,47.7190227693442,3.54341070133441
"Airbus",135.086152028782,58,72.6747407446784,NA,22.8639391849957,4.63087647012013
"Airbus",125.100575575688,57,56.1618223075631,NA,24.1740591760375,3.99110385921457
"Airbus",204.487039275966,71,90.520708149326,90.3078351826385,32.6229443479856,4.52145846824034
"Boeing",179.800223318343,63,94.9014923529081,95.0094080717932,26.727750081705,3.93387895658917
"Boeing",172.933972061427,68,96.5232312890331,93.8135741512033,49.3988720894073,3.5294527950076
"Airbus",113.632266975608,70,95.2934531144801,93.3791254693437,23.5513236717064,4.01275005943877
"Airbus",190.444244540938,66,81.9384789986662,NA,18.1421912311971,3.38197375318475
"Airbus",132.722792770298,47,88.81799846234,NA,20.8841889781348,4.27443623528303
"Boeing",116.960166975073,56,79.3021834504985,NA,30.9387468165909,5.18355683745079
"Boeing",170.202484909585,73,99.3836626102813,100.130361330931,30.2459298626962,3.68799294181225
"Boeing",93.990025740244,45,135.390752388314,136.875496192853,42.3811396712813,4.49726053089926
"Boeing",104.832832884751,69,100.126004033619,99.7267257700093,31.4847858855353,4.17818601983246
"Boeing",75.6686182560078,64,56.8351170818238,NA,30.3770979463035,4.90703480866766
"Airbus",71.7477235970792,58,78.4258613147656,NA,42.9859033876363,3.97166239107577
"Boeing",205.449192723107,57,69.3039049746253,NA,24.2566684007408,4.50995006648434
"Boeing",189.60472169456,57,80.5206805121767,NA,42.6064140728242,3.95284968868219
"Airbus",127.611197771244,62,75.5300471893696,NA,25.2770012033962,3.82635518533805
"Boeing",156.306508246059,67,73.6789217732938,NA,33.2277469032753,3.48426225860484
"Boeing",173.175163966743,55,63.1033669564565,NA,29.0024527420258,4.92471872546799
"Airbus",94.4347614209164,66,72.543877503762,NA,40.293341822782,4.68350089377736
"Boeing",141.030256075823,70,84.5839530493569,NA,38.6622972743551,4.00902004954785
"Boeing",146.274229686989,62,66.8427041249439,NA,27.9550097133941,4.33402291820049
"Airbus",171.770191253396,52,86.6187048407061,NA,16.3790375578116,5.30785177904471
"Airbus",72.0601887253606,63,94.9639789895308,94.9327247634366,26.226533741344,3.28898649633408
"Boeing",72.1861039889881,67,57.4162849787369,NA,32.5263297359114,4.16633712742845
"Airbus",152.866458073585,56,82.3190265866141,NA,44.476211164038,3.99979179751938
"Boeing",182.059723242747,75,94.7648626686599,92.8249032842327,27.7519260933717,3.89226794346697
"Airbus",199.251101019801,70,83.7506916778911,NA,37.826651303629,4.25860990373632
"Boeing",190.295323909046,71,93.9990377193711,94.3526304965374,41.5913893457816,3.89552396878544
"Boeing",137.003230650572,52,97.8214949600693,98.0151896095617,35.9386260620336,4.61918949533827
"Airbus",156.40839969941,61,74.0720250821281,NA,49.9378185278738,2.95249448133279
"Boeing",164.006109793937,67,71.8265593857791,NA,35.5274266209569,4.87593996956757
"Airbus",171.557575821405,62,88.8545970019704,NA,34.4254993441059,4.03009060074329
"Boeing",78.2719558078902,56,55.0008905233922,NA,37.8159882802559,4.87410126028849
"Boeing",158.459437885439,73,80.8466921400026,NA,25.6301423051226,5.00809932853402
"Boeing",135.696267584903,54,75.6934347140859,NA,41.754084938637,4.88351941647712
"Airbus",234.48294043707,80,60.991834472884,NA,37.1413654569099,3.97525148681847
"Airbus",152.446240696171,37,96.6588357183303,96.9718906854998,23.5262012376709,4.06362134190882
"Airbus",50.2225470190877,77,70.41586957682,NA,25.265205064003,3.70971311297927
"Boeing",159.859614711383,58,61.1848349172668,NA,22.202886392182,4.41293728696031
"Airbus",141.988637434139,60,97.8809273142582,95.5349439954219,18.7283071805135,4.66850172295005
"Airbus",70.4852793358878,72,53.6277021126254,NA,22.8565001701372,5.1429637355568
"Boeing",174.423330751742,62,107.407991375985,108.436808089419,30.6683449562952,5.08741719641633
"Airbus",100.024064822364,48,62.7761536450793,NA,33.789121902305,4.02225604974398
"Airbus",167.472490288774,79,88.7445198458185,90.2571566415006,16.7359292888744,4.50211490900721
"Boeing",102.028446557863,57,56.0647745806118,NA,47.0974401979996,2.66252884086155
"Airbus",112.632177805662,59,62.3693623513711,NA,29.6934850923819,3.41597125806569
"Boeing",155.918674643366,79,99.0414000708182,98.9171297401039,32.8992016449253,3.93839808823293
"Airbus",114.819641656626,62,117.591429490988,116.176062437566,38.0849265263647,4.15192223607944
"Boeing",139.89844661268,63,57.2019882013935,NA,16.6660911870677,4.64560455034762
"Boeing",167.452442629802,59,63.2693568969233,NA,19.1568993971748,4.05588302423144
"Airbus",146.660994421689,63,75.469215534008,NA,18.5066306687883,3.10589217222808
"Boeing",178.448827096469,45,73.06231452656,NA,28.4782823694098,4.17040000267526
"Airbus",256.927111294568,72,67.2110073898779,NA,31.6183545583461,4.41136097197086
"Boeing",205.388910044266,70,84.8088112531177,NA,26.1713169308632,4.23546319700871
"Boeing",61.9767990228696,66,64.3918564563724,NA,45.7897951957643,3.48633163798431
"Boeing",174.608462477236,72,92.0833150724042,93.7710361097157,31.7008247465553,4.10473621436221
"Boeing",89.9751835611358,44,90.5535329689456,92.2316785116863,30.9045932686415,3.6188489116835
"Airbus",200.635797255733,51,99.0079433855955,100.045408216505,29.5182718575533,3.85197903411939
"Boeing",126.933004160927,65,69.2915923951649,NA,33.8820970654099,3.74234639371391
"Airbus",106.886856484143,71,77.091794023731,NA,38.2060788109475,3.49976293883681
"Boeing",114.176121386716,67,89.4635826627454,NA,34.6846048037735,4.64389144848442
"Airbus",139.308662971189,72,75.5418133899033,NA,48.5532433457153,4.6029802275119
"Airbus",172.415825600616,62,49.1595263268432,NA,26.6266634560299,3.6869993620425
"Boeing",199.624511969778,58,63.0933005854122,NA,37.4047207699636,2.65382787392208
"Airbus",89.9679554271811,64,48.8788044073065,NA,32.2946935486332,4.37674077046789
"Boeing",212.280963580877,63,91.5436624868276,92.1454728036731,40.1458388524272,4.47053057941444
"Boeing",152.530542767925,55,105.139365387163,106.925026751952,46.8022264806207,3.8245738356413
"Airbus",102.013759649686,67,61.745028845673,NA,31.9009585320968,4.3724080317264
"Boeing",114.788021795066,62,81.6376249367695,NA,44.9094649270099,3.22646271594167
"Airbus",143.01515068943,66,79.4241850449048,NA,14.295463788835,3.58251101671003
"Airbus",190.180734826098,64,63.9095294560709,NA,34.0763173906304,3.52014728560605
"Boeing",155.80824295872,58,65.4747405006328,NA,34.1707632139211,3.87535706091144
"Boeing",183.260962564471,77,80.2025304186611,NA,29.1950419068043,4.32695100506482
"Boeing",170.27753735712,62,62.0094716290625,NA,23.1998953256939,3.48306602836242
"Boeing",181.659006451604,60,93.5353758792577,92.5230933851639,27.1809501290656,3.82815197841944
"Airbus",188.205816087484,66,120.842519243456,121.804927486062,11.4665926600301,4.86325541058207
"Boeing",144.786485325545,61,91.6102499149983,92.8535341874883,29.0357963233246,3.83294741303385
"Airbus",93.0036762463607,69,50.8782193373115,NA,43.5805069199791,5.19720791584375
"Airbus",269.528103909309,55,120.174904403781,120.495221451341,22.5753290323349,5.00837083820756
"Boeing",157.490925595394,59,86.4936445618311,NA,42.0072882300945,3.66749986476908
"Boeing",91.0883609172767,71,94.405295352224,95.4395668969653,33.3124797529364,4.38445922308909
"Boeing",152.154384524876,60,69.1736302950115,NA,26.7352592937707,4.70593125570944
"Boeing",84.1877636606396,57,72.3612661968705,NA,33.0312188334182,3.29622826580613
"Airbus",168.564338760192,70,89.8423811676847,NA,33.0385361493921,4.98923674938378
"Boeing",167.709963805383,53,88.9008482669021,NA,16.9867854700649,4.30785695962742
"Boeing",80.524247458885,60,93.6799604211258,93.3545757343962,20.5028002141978,3.88812789517822
"Airbus",147.502514980064,74,81.8401209270115,NA,35.8916771046076,4.10753186206771
"Airbus",129.356246333013,66,68.207026337384,NA,20.0521148056183,4.04443543459702
"Boeing",180.281924644602,45,62.7008519762737,NA,28.5869224504659,3.36982618383621
"Airbus",154.012658477136,59,32.0673741972957,NA,14.5472206887729,4.89400537038863
"Boeing",122.919975969483,64,81.3161136418956,NA,31.6983564109329,3.7194809993257
"Airbus",95.3719986729197,54,91.9337446424586,91.0993086816163,4.61121850973567,4.092077699646
"Airbus",24.5252633656418,52,70.486307943362,NA,23.9196864383238,4.44083886127142
"Boeing",190.908431420464,69,97.2808621878986,96.3554185855376,30.2312725947199,3.73821143752451
"Boeing",152.333684189949,72,97.9767311645041,97.1096821770257,24.0302325731181,4.49052903683658
"Airbus",87.5953712773667,54,61.3551584223489,NA,49.268232726916,4.07834722194429
"Boeing",169.5586516511,52,50.5561406023336,NA,35.4727657764411,3.67786720707971
"Airbus",177.364921808243,72,74.9676299946333,NA,29.1928934580684,4.0166739922309
"Airbus",211.12033499796,68,84.7506211653503,NA,24.5098234053194,3.83955855408417
"Airbus",198.325577752999,38,52.1462814765133,NA,22.1324053450243,4.29874010138026
"Boeing",157.493314483211,57,78.8037561142507,NA,26.3120833064909,4.72423264154468
"Boeing",162.339113096101,63,98.154107207653,96.4406332181479,26.9131637609471,4.87607977448724
"Airbus",132.485902500238,55,96.5277451920814,95.5958985008981,22.2876109871465,4.63391056546043
"Boeing",164.53588139621,54,82.9570262903864,NA,25.6935675567729,4.10576869128551
"Boeing",143.40919357817,66,70.0661715966412,NA,26.6807489826023,3.62165013019981
"Airbus",123.984616582416,65,83.70451629298,NA,44.0716076727937,4.77909895299678
"Boeing",125.745048584899,63,76.4809275809838,NA,24.3111126448632,3.68901348203428
"Boeing",162.078283179502,65,88.1339492235042,NA,33.8972081599388,4.77489191704519
"Boeing",44.6014020314831,57,109.895802299094,107.415805652886,-1.36597437034661,4.4276159453639
"Boeing",104.231579425023,58,77.5860420382732,NA,52.9000840285855,3.73544828628212
"Airbus",142.708585560214,75,54.4806470933083,NA,20.421376498066,3.7697815438913
"Boeing",278.464432265689,66,80.8887012971583,NA,14.1757805078293,4.17458489057849
"Airbus",212.546531708911,57,102.772313516294,103.866817179947,39.3675791349349,3.23841708126664
"Boeing",179.667794633705,57,88.0625633011565,NA,25.2593041076569,4.56868219242557
"Airbus",167.211309023658,57,72.6438232672168,NA,19.7100240274732,5.11846374663871
"Airbus",114.601768680439,54,46.9608796306939,NA,32.081057874009,4.59802572051516
"Boeing",87.7107516135789,57,92.0405498978861,90.6056694701642,22.1520310957703,3.76898598078383
"Boeing",73.5560189374292,60,44.69367003427,NA,29.3878243393837,4.31214983208352
"Airbus",175.260869240332,62,109.048205857647,108.491338607158,39.1691330644093,4.56731872723326
"Boeing",133.385015821765,63,101.77347670862,99.1964435988796,35.5552424237718,4.64550991520965
"Boeing",125.439961718776,71,91.4846679189565,92.7262393930316,31.6581410486083,4.65410502384684
"Boeing",159.691787174111,52,117.825536228785,119.454685021754,36.7471291389993,4.21224929632187
"Airbus",188.140811994699,42,102.517213659999,101.979501845781,31.0960351444149,3.98925094366315
"Airbus",191.036373632955,47,106.846663968507,107.208512243319,32.9066077414329,4.78816866004611
"Airbus",252.199506618143,54,86.8977968592495,NA,15.6519097448081,4.07485122737449
"Airbus",178.338206983509,68,71.6373227848006,NA,29.653637874064,4.01986660585813
"Airbus",198.791526996994,53,62.856122449513,NA,8.92862902569188,3.77674060635523
"Airbus",95.7712841871832,59,98.2513199239625,96.7289454436064,27.7790739293724,4.22416051704667
"Boeing",75.6156288108344,57,93.9387830902647,93.7611379185098,24.6383281144474,4.04052181593318
"Boeing",154.590327489666,51,50.5266712386082,NA,25.393040504438,4.27316250690631
"Boeing",138.837621434308,62,68.8532388902959,NA,34.5901239258181,4.1621445164601
"Boeing",188.339413415631,54,74.1989030158085,NA,29.5193425670189,3.25030724969326
"Airbus",142.485564163895,61,69.3105666208381,NA,30.1739686026923,3.84432306025187
"Airbus",189.075600916481,66,107.701044216857,107.914749762186,18.7756681851656,4.97422117138315
"Airbus",16.5822486050016,60,106.295413916804,104.962629508892,40.9156520032342,4.78431534216616
"Airbus",143.775548503844,56,86.1285406521284,NA,43.9330438461251,3.70591207840079
"Boeing",165.378570418348,56,73.5710997141944,NA,33.2707809303864,5.04488699678806
"Boeing",129.132881611176,53,76.5997644044642,NA,17.1345056477718,2.88550800078851
"Boeing",157.642507578392,52,74.5325137761286,NA,38.9258193515501,3.66338432388322
"Boeing",271.692753778385,54,91.1370214789138,90.7820747803124,16.7924166891663,4.01982753757247
"Airbus",200.698907844499,78,69.6134724045598,NA,47.1102645963552,4.687024609636
"Airbus",126.568858564004,49,81.2106629736784,NA,40.3569117551074,4.6467267834251
"Boeing",180.820344303565,59,105.531638729565,103.706887528808,32.2667183309203,4.80676835403402
"Airbus",109.354810096561,63,80.115564380564,NA,38.722491278513,3.30037175782826
"Boeing",181.299364931841,58,81.9531338806735,NA,28.8868431269871,3.59245139311185
"Boeing",89.5320255575656,54,78.4838305814836,NA,35.9830386732686,3.95196992726505
"Boeing",40.3845498584391,64,102.023941872384,100.585839693654,30.3860572913104,4.64035542540057
"Boeing",134.249037066649,60,69.0288377175333,NA,41.4428086263024,4.01377961265563
"Airbus",44.9603610865544,56,81.3728029146704,NA,32.8762081326626,3.1724703950865
"Boeing",85.4643906105086,66,70.6955044188367,NA,24.0626738939433,4.3447664114051
"Boeing",76.136474026611,70,47.080907552994,NA,19.513833763417,4.08641634198374
"Airbus",190.205626422824,52,61.7601479531074,NA,35.918292704947,3.78187970907254
"Boeing",221.885466064899,54,89.7350529496142,NA,26.0649522251378,4.24058889700854
"Boeing",158.046672138718,55,80.3077298548366,NA,24.0049541652584,4.53371151181699
"Airbus",147.021613616829,59,68.7874217468232,NA,41.7405499089936,4.3883665134022
"Boeing",213.857296083433,55,89.6296769184231,NA,16.103356380791,4.24159085260385
"Boeing",243.234275463908,56,63.6008231292922,NA,51.9095153108179,4.80689043621997
"Airbus",166.8121579966,52,88.3363151873284,NA,27.2782696292768,3.98700481646418
"Airbus",133.247717007752,59,58.4592102740358,NA,12.105949185471,4.02169088758117
"Boeing",93.4709797187038,59,42.9558527518629,NA,45.5492559158006,4.05666356147943
"Boeing",205.248543918492,61,95.4343766531541,94.2614486480263,29.5977275095363,4.55405997636111
"Airbus",205.900527376568,56,62.1558234052381,NA,47.7923857712623,5.00757310859762
"Airbus",115.766664180735,54,96.1134265832628,95.3907466689597,13.9114747082251,3.80244665914091
"Boeing",220.667449853577,76,63.4549024836389,NA,19.5710023168776,4.8830262932648
"Boeing",148.475299961171,44,86.3091223039515,NA,24.0373841917123,3.89829848489616
"Airbus",179.408582962473,61,74.6666065459954,NA,45.5950734985556,3.84783083303346
"Boeing",186.300261445695,61,108.90750150302,110.929624334456,35.8441914581978,3.45797678651026
"Boeing",162.163405186107,51,59.8554859106597,NA,39.0599091025402,3.90432045790982
"Airbus",226.63531497173,60,94.3288465794251,92.4365389674918,38.2777703362481,3.74786071271859
"Airbus",188.607662834149,62,78.8565106291758,NA,24.7982800397298,3.69290648981668
"Airbus",189.244808727449,57,110.202099288367,110.307812558469,50.1171933149036,4.04321495683386
"Boeing",248.311701081396,60,77.1327684601301,NA,27.4191916833131,3.28264948768116
"Airbus",171.010260363038,59,98.67463445925,96.7679835842259,30.2839989169095,2.96091807676276
"Airbus",79.4943402082597,61,91.1802827584601,93.297866543786,18.5262726993532,4.59243160478344
"Airbus",118.503196806928,54,104.021866776392,104.512691164433,38.7776373424114,4.28683908870236
"Airbus",143.439292219006,58,100.067654640737,98.4720373609924,29.8045286556612,4.31696783369334
"Airbus",58.8508855142988,49,70.9263229197019,NA,37.2740669556182,3.98535790910666
"Boeing",100.403243547597,56,82.7134279842322,NA,26.3604367263513,4.20328681215862
"Boeing",187.315077565744,53,81.3800639431913,NA,44.0324160206633,3.14770919059136
"Airbus",84.3850526353918,61,70.5437559064661,NA,33.0844118124307,5.33679177069063
"Boeing",232.589179006506,56,92.3308323490621,91.5498003242584,46.4775306391554,4.26776860117087
"Airbus",140.845072363088,65,84.4616714966011,NA,20.7263240446015,4.07214632355109
"Boeing",135.731122909138,83,88.1114552874547,NA,48.3170900712274,4.40602635397605
"Airbus",104.486693730152,70,67.8697449630188,NA,25.1691203572253,3.63550218442737
"Boeing",202.254393488901,56,73.7507185752823,NA,25.4209551121752,4.39125157958347
"Airbus",110.213658896418,64,73.4159646809618,NA,41.1581926362835,4.64896313732745
"Boeing",190.353881154299,45,105.275042446198,105.268375425865,24.5737703074542,4.36733526853058
"Boeing",209.371598708434,59,46.7077153650073,NA,22.3992395048718,4.01821422659233
"Airbus",199.736601620805,60,63.8109463446752,NA,13.682534478095,3.83827845820748
"Airbus",165.876115990411,55,56.6545202275549,NA,33.9480674860477,4.80437404336111
"Airbus",215.134774923794,59,91.5371404721944,NA,31.2517184368022,4.14121836765088
"Boeing",231.500888797841,61,91.7547470814205,93.378691433461,39.4499192970928,3.5607921235798
"Boeing",198.736700225814,60,36.6868011501375,NA,29.6462141387623,3.69025869955539
"Boeing",158.276269213517,60,56.4839029768633,NA,44.7261330525609,4.39119816269415
"Boeing",107.657704526717,65,69.2743198150539,NA,9.1455575749036,3.82068724238672
"Airbus",142.315015404265,53,89.3490847115681,90.1686870204902,35.5907142841328,4.47143177280563
"Boeing",201.894122469313,54,91.3880438732031,92.1486013146183,18.3452869828736,3.91878401752595
"Airbus",223.427225312767,55,113.080868630621,113.393049146236,27.7818683890568,4.31846837278906
"Boeing",159.384573445417,61,88.8868630002061,NA,14.0140066762496,3.68955335136358
"Airbus",143.422905229631,70,93.3846024416098,92.273922298778,23.9383402908903,3.84804634568518
"Airbus",196.538620208195,64,95.4737355808033,95.7873870580221,35.850572242015,4.63952239436643
"Airbus",152.469959874661,60,89.7059362944294,NA,29.1555824648218,4.59539594139757
"Airbus",62.2210273014706,67,66.3478751561538,NA,31.9160848823387,4.568648750618
"Boeing",178.818396587011,70,87.9404596093261,NA,13.3523833625288,4.46032686997136
"Boeing",88.8061892716921,52,90.2093236589977,NA,55.369683181953,3.87934074302308
"Airbus",200.754130738984,46,84.3859782322296,NA,19.1364392213852,4.19587157415541
"Boeing",143.75683119787,68,78.5458001415935,NA,22.6077753928388,4.03823477952064
"Airbus",84.609895407726,58,50.5380097372609,NA,28.3091181866534,3.65715807896777
"Airbus",54.8336826056636,55,55.0811570032545,NA,47.8841689939646,4.10143638901398
"Airbus",179.031164344142,60,66.7886915849079,NA,26.6544186281347,3.96582612914563
"Boeing",105.171055308535,66,91.8078404202348,NA,18.5415456541912,3.72956871194482
"Boeing",167.403949475712,53,79.0257466826363,NA,31.3414828534787,3.8848064157367
"Boeing",165.94959597695,56,95.217021316719,96.6478079399327,33.7191702442105,4.3326811831755
"Boeing",103.322818263081,61,94.0517869948655,95.5036537133913,12.4913708907461,4.92723114965572
"Boeing",176.366870778801,74,95.2637639589038,95.3525479326236,41.2023166304797,4.47253545119672
"Boeing",200.628201768782,59,41.1176825591916,NA,30.866706044124,4.49835087084836
"Airbus",93.3331955119704,81,78.5122104503363,NA,18.5357871787816,4.85306630226105
"Airbus",193.943310725604,54,100.004660492561,98.3096502193586,24.673353077669,4.48149014070416
"Airbus",194.828892490414,61,92.4354815759386,92.1713169340392,32.7059795987301,4.44997710846392
"Airbus",28.487485744706,48,32.0343840431042,NA,25.354042426561,4.4873885039704
"Boeing",81.4257375748401,55,87.1003261769559,NA,29.688490100509,3.99143323892623
"Airbus",133.566738015006,55,30.5245811958818,NA,40.5589175945611,3.9813281677831
"Airbus",185.041329293742,55,26.6402202266566,NA,26.3975434936371,4.43861905057026
"Boeing",101.772294240305,55,99.1862138194224,98.0137176178117,25.9803232598838,4.38232251925258
"Airbus",231.936019384414,61,82.5042078347715,NA,15.755710200861,4.35295886652606
"Boeing",178.378824261999,76,80.1573966910436,NA,19.6907394084518,4.32241065187536
"Airbus",142.658687235738,68,76.69557574933,NA,21.5161061617899,3.90412993762016
"Airbus",223.810809209216,77,109.959181032987,108.65422801174,47.8205165202918,4.30600960937035
"Boeing",58.957192030327,52,23.3981641924506,NA,40.2693704349982,4.80871138344766
"Boeing",105.901198063735,50,50.7752426745925,NA,28.5473170779862,3.96301567922445
"Boeing",112.692996047179,56,52.2591395477906,NA,35.5564401637587,4.62475959769644
"Airbus",224.163495125313,56,101.738130740177,105.668919688972,30.6405729386535,4.31214325668395
"Airbus",186.23935530027,62,107.426715573646,106.064663767541,38.614532534022,3.64739266903124
"Boeing",178.874713416286,62,86.2387614909108,NA,26.0609906272837,4.30133550973325
"Airbus",143.896100214945,59,71.0678862824525,NA,11.0583140077254,3.45081168239779
"Boeing",125.127536380522,61,83.7907633458257,NA,33.9235298662857,4.9198604326848
"Boeing",94.6494568612811,58,116.78019278215,116.487353388426,28.2324383725108,3.82639296565482
"Airbus",125.756339939825,71,95.3383350204237,96.5383333420994,24.8587939343651,3.41331038230499
"Boeing",154.351750094602,69,57.4476541855609,NA,22.2137171707765,4.62974193828559
"Boeing",202.761037214769,65,80.1346647267984,NA,24.9707377389377,5.22489914030376
"Airbus",185.418166230564,57,54.5866357899036,NA,29.7378492659663,4.65265227192398
"Boeing",144.075055737554,65,72.2112827725858,NA,30.446828214059,3.96743238641331
"Airbus",89.234833368974,57,88.0320989441195,NA,40.9613841968682,4.32572151446924
"Boeing",135.814480415558,61,61.2225144511405,NA,31.3340055719822,5.01495964909152
"Airbus",78.6775511817698,61,93.2945781282303,94.1222826502507,36.0319755658455,4.14556132206345
"Boeing",162.922776076326,52,60.7773495261946,NA,26.2998902355627,3.53238702561645
"Boeing",44.1277961227715,54,126.308909409406,125.302601337725,31.6664228983749,4.88019835578759
"Airbus",117.942918168087,63,57.6112472062622,NA,26.466419669618,4.06901049466653
"Boeing",126.966900866996,65,101.076854064476,101.627165546628,22.7474739908581,4.07388095428452
"Boeing",159.790578609282,63,80.6734642136153,NA,19.1733763699504,4.12200840720438
"Boeing",64.1219396773685,68,41.834607558384,NA,45.1459360988104,4.26810115850592
"Boeing",210.045991827548,70,61.4338793678654,NA,47.4087492416176,5.24122964330836
"Airbus",126.620976587187,57,102.024663952255,103.453827678246,17.6085894293967,3.80438039790211
"Boeing",91.5673800470953,64,106.605356779056,108.15535841141,35.5626522776398,4.55749971545291
"Boeing",123.61704493494,64,115.542674679545,118.070418756632,32.0742544728474,3.47534182803876
"Airbus",169.856405687989,63,76.8522694125909,NA,26.0831771258731,4.2368285239185
"Airbus",158.239020742014,71,56.0640048809673,NA,22.8275274794869,4.58902762401399
"Airbus",76.3212947504719,47,78.0448238896515,NA,32.8625622938359,4.02973575141312
"Airbus",163.705133039063,58,98.976451909987,98.2031619203225,40.7237928860954,4.08233702973988
"Boeing",144.463309875324,44,106.435807050069,109.017041531686,45.8286177205426,4.57598228371278
"Airbus",160.965865398142,59,77.4397594591828,NA,20.9445812472964,4.35800200274207
"Airbus",129.730267522798,43,58.8891616303335,NA,30.5626318214504,4.08998972869469
"Boeing",121.335499731674,61,78.6800966681217,NA,35.2132330201251,4.7871521444151
"Airbus",146.27180852665,52,69.1530807420251,NA,18.7499740729652,3.72020600736742
"Boeing",139.745368854382,64,72.7333710822488,NA,25.9280910735928,3.0175824169632
"Boeing",114.798767768873,55,96.112275812348,97.4490569857424,35.5494342704675,3.54151568756581
"Boeing",80.8935778460118,56,93.2610483593289,92.127493654314,35.7294246816927,4.00296047264576
"Boeing",143.640906171093,53,105.002295682351,104.511654193858,27.8779142908667,3.86088255819253
"Boeing",76.8369162054736,65,95.1691327683371,97.0546859434295,35.8489471769382,4.42298478240727
"Boeing",202.0324026883,66,81.5074107717245,NA,21.0709472128469,4.16088460852827
"Boeing",159.452816998671,61,68.8782008499301,NA,17.0792465343593,3.20388066946297
"Airbus",131.997340790894,56,70.7060048741448,NA,39.1225629167435,4.29132137461023
"Airbus",85.4305595488851,54,82.3401949861965,NA,39.9483452760595,3.88316554805889
"Boeing",207.050040648366,49,55.7855022504689,NA,32.2675999273656,4.33405987656408
"Airbus",173.999288822979,55,103.495839767232,103.711041268412,32.6351396629741,4.16641948421578
"Airbus",156.792854787545,53,78.0307417801377,NA,25.8753370147934,4.51737962599764
"Airbus",151.16434003135,55,88.7987040742477,NA,6.94088194017595,3.87457785680833
"Boeing",75.365615098247,53,97.5220609153352,97.8020284770769,1.9289428135233,3.76992557795508
"Boeing",173.817786344495,57,41.7663711981664,NA,41.6366308508341,4.0499309961609
"Airbus",185.826071447115,70,82.5327609489638,NA,41.5168272960474,3.54539630179872
"Boeing",168.15601564109,70,85.4048013675556,NA,37.5464476370708,4.69177076684106
"Airbus",170.688370107711,56,73.6771566564465,NA,43.4100363376399,3.51325385152807
"Airbus",182.964042121459,59,54.9694835285665,NA,16.1109659160474,2.69952899474438
"Boeing",61.3795309930759,64,130.855210297436,128.509394524601,33.7312818487478,4.00513520826816
"Boeing",266.429719382318,57,73.9782775742142,NA,29.531525202991,4.11700951213301
"Airbus",139.190514114524,60,46.4620278825149,NA,30.3252419456868,4.88333570461708
"Airbus",228.940556734731,48,54.7501591364461,NA,45.3246577454905,4.03393869389399
"Airbus",136.095895914192,62,132.717387455024,133.221013015797,32.5571901621171,3.67276513296838
"Airbus",138.314360085545,45,93.8984132339772,95.0174509144999,17.9345184114947,4.29311268895705
"Boeing",104.287581019563,52,57.893816656037,NA,43.3349580013433,3.90566056661093
"Boeing",173.542102088228,64,95.2438571097952,98.4132797120523,45.0346245589516,3.89438079756653
"Airbus",117.865773227621,63,113.639388131504,113.763215168687,11.6425821356167,3.5212433185858
"Airbus",207.613150116323,58,84.424140954645,NA,32.4727320952429,3.56547073023466
"Boeing",198.546642530061,65,99.107735712641,96.4836431839526,41.8691920839454,4.33529114260767
"Boeing",109.966095493006,60,89.9216236456151,NA,36.4909084454162,4.40324767792959
